{
  "type": "minecraft:block",
  "pools": [
    {
      "rolls": 1,
      "entries": [
        {
          "type": "minecraft:item",
          "name": "tough_beginnings:plantfiber"
        }
      ],
      "conditions": [
        {
          "condition": "minecraft:match_tool",
          "predicate": {
            "items": [
              "tough_beginnings:flintknife"
            ]
          }
        },
        {
          "condition": "minecraft:random_chance",
          "chance": 0.1
        }
      ]
    }
  ]
}